Model,RMSE,MAPE
RandomForest,5.686378685600019,0.0401963902787451
XGBoost,5.638300488045186,0.04011352802082536
Hybrid(RF+XGB),5.58864922014911,0.03990535514344809
SARIMA,26.218601737875616,0.21474052978947344
